Type,Millis,Data1,Data2,Data3,Data4,Data5,Data6
GPS,36174,59.361482,18.049808,0.00,0.00,5
GPS,36227,59.361482,18.049808,0.00,0.00,5
GPS,36270,59.361482,18.049808,0.00,0.00,5
GPS,36345,59.361482,18.049808,0.00,0.00,5
GPS,36416,59.361482,18.049808,0.00,0.00,5
GPS,36475,59.361482,18.049808,0.00,0.00,5
GPS,36529,59.361482,18.049808,0.00,0.00,5
GPS,36606,59.361482,18.049808,0.04,0.00,5
GPS,36645,59.361482,18.049808,0.04,0.00,5
GPS,36685,59.361482,18.049808,0.04,0.00,5
GPS,36717,59.361482,18.049808,0.04,0.00,5
GPS,37097,59.361481,18.049807,0.04,0.09,5
GPS,37152,59.361481,18.049807,0.04,0.09,5
GPS,37206,59.361481,18.049807,0.04,0.09,5
GPS,37249,59.361481,18.049807,0.04,0.09,5
GPS,37323,59.361481,18.049807,0.04,0.09,5
GPS,37394,59.361481,18.049807,0.04,0.09,5
GPS,37454,59.361481,18.049807,0.04,0.09,5
GPS,37507,59.361481,18.049807,0.04,0.09,5
GPS,37584,59.361481,18.049807,0.09,0.09,5
GPS,37624,59.361481,18.049807,0.09,0.09,5
GPS,37664,59.361481,18.049807,0.09,0.09,5
GPS,37696,59.361481,18.049807,0.09,0.09,5
GPS,38101,59.361480,18.049805,0.09,0.26,6
GPS,38156,59.361480,18.049805,0.09,0.26,6
IMU,36139,223,935,317,-6,-4,0
IMU,36159,223,943,326,-6,-4,1
IMU,36179,231,935,328,-6,-4,1
IMU,36199,217,940,328,-6,-4,0
IMU,36219,204,934,321,-6,-4,0
IMU,36239,209,936,315,-6,-4,1
IMU,36259,218,959,314,-6,-4,1
IMU,36279,226,959,313,-6,-4,1
IMU,36299,231,960,311,-6,-4,1
IMU,36319,218,951,304,-6,-4,1
IMU,36339,238,945,298,-6,-5,2
IMU,36359,227,948,302,-6,-4,2
IMU,36379,226,947,305,-6,-4,1
IMU,36399,228,943,306,-6,-4,1
IMU,36419,221,944,306,-6,-4,1
IMU,36439,226,943,309,-6,-4,1
IMU,36459,235,957,316,-6,-4,1
IMU,36479,240,962,321,-6,-4,0
IMU,36499,247,948,314,-6,-4,0
IMU,36519,242,933,305,-6,-4,-1
IMU,36539,222,927,301,-6,-4,-1
IMU,36559,229,949,301,-6,-4,-1
IMU,36579,218,970,305,-6,-4,-1
IMU,36599,220,968,301,-5,-4,-1
IMU,36619,215,956,304,-6,-4,-1
IMU,36639,205,945,306,-6,-4,0
IMU,36659,216,953,316,-6,-4,0
IMU,36679,228,948,319,-6,-4,0
IMU,36699,210,931,317,-6,-4,0
IMU,36719,210,925,313,-6,-4,0
IMU,36739,208,933,321,-6,-4,2
IMU,36759,213,962,329,-6,-5,2
IMU,36779,213,969,328,-6,-5,2
IMU,36799,204,954,321,-6,-5,2
IMU,36819,213,940,308,-6,-5,3
IMU,36839,243,941,302,-6,-5,3
IMU,36859,241,954,304,-6,-5,2
IMU,36879,245,939,296,-6,-5,1
IMU,36899,231,944,301,-6,-4,1
IMU,36919,242,951,292,-6,-4,1
IMU,36939,236,954,302,-6,-4,0
IMU,36959,233,964,303,-6,-4,0
IMU,36979,223,953,309,-6,-4,0
IMU,36999,239,947,307,-6,-4,0
IMU,37019,237,943,307,-6,-4,0
IMU,37039,245,942,310,-6,-4,-1
IMU,37059,232,953,319,-6,-3,-1
IMU,37079,236,948,318,-6,-3,-2
IMU,37099,230,941,315,-6,-3,-2
IMU,37119,221,943,312,-6,-3,-2
IMU,37139,213,948,316,-6,-3,-2
IMU,37159,205,955,317,-6,-3,-2
IMU,37179,210,955,312,-6,-3,-2
IMU,37199,225,949,311,-6,-4,-2
IMU,37219,214,946,313,-6,-3,-2
IMU,37239,223,946,310,-6,-4,-1
IMU,37259,219,954,310,-6,-4,-1
IMU,37279,212,948,307,-6,-4,-1
IMU,37299,207,946,303,-6,-4,-1
IMU,37319,199,945,304,-6,-4,0
IMU,37339,198,954,304,-6,-4,0
IMU,37359,220,963,304,-6,-4,0
IMU,37379,216,953,304,-6,-4,0
IMU,37399,225,950,300,-6,-4,0
IMU,37419,226,949,301,-6,-4,0
IMU,37439,227,958,304,-6,-4,0
IMU,37459,225,956,303,-6,-4,0
IMU,37479,216,945,307,-6,-4,0
IMU,37499,212,946,308,-6,-4,0
IMU,37519,214,948,312,-6,-4,0
IMU,37539,207,955,317,-6,-4,0
IMU,37559,210,948,320,-6,-4,0
IMU,37579,211,942,323,-6,-4,0
IMU,37599,216,944,327,-6,-4,0
IMU,37619,219,946,324,-6,-4,0
IMU,37639,222,953,323,-6,-4,0
IMU,37659,214,948,318,-6,-4,0
IMU,37679,213,945,307,-6,-4,0
IMU,37699,206,954,309,-6,-4,0
IMU,37719,209,957,307,-6,-4,0
IMU,37739,209,955,304,-6,-4,0
IMU,37759,213,948,305,-6,-4,0
IMU,37779,218,943,299,-6,-4,0
IMU,37799,217,949,300,-6,-4,0
IMU,37819,217,954,302,-6,-4,0
IMU,37839,223,952,302,-6,-4,0
IMU,37859,215,953,302,-6,-4,0
IMU,37879,213,954,305,-6,-4,0
IMU,37899,210,959,306,-6,-4,0
IMU,37919,212,955,306,-6,-4,0
IMU,37939,218,947,305,-6,-4,0
IMU,37959,214,938,298,-6,-4,0
IMU,37979,216,946,305,-6,-4,0
IMU,37999,220,956,315,-6,-4,0
IMU,38019,218,956,316,-6,-4,0
IMU,38039,220,952,314,-6,-4,0
IMU,38059,220,947,316,-6,-4,0
IMU,38079,214,949,321,-6,-4,0
IMU,38099,215,951,320,-6,-4,0
IMU,38119,213,945,319,-6,-4,0
IMU,38139,206,942,315,-6,-4,0
IMU,38159,208,944,314,-6,-4,0
IMU,38179,206,955,316,-6,-4,0
IMU,38199,211,956,314,-6,-4,0
IMU,38219,210,951,306,-6,-4,0
IMU,38239,204,947,303,-6,-4,0
IMU,38259,203,954,299,-6,-4,0
IMU,38279,209,961,303,-6,-4,0
IMU,38299,204,955,301,-6,-4,0
IMU,38319,205,950,301,-6,-4,0
IMU,38339,209,949,303,-6,-4,0
IMU,38359,211,950,304,-6,-4,0
IMU,38379,214,955,309,-6,-4,0
IMU,38399,208,952,309,-6,-4,0
IMU,38419,203,953,307,-6,-4,0
IMU,38439,205,950,311,-6,-4,0
IMU,38459,208,954,315,-6,-4,0
IMU,38479,209,952,313,-6,-4,0
IMU,38499,210,944,310,-6,-4,1
IMU,38519,206,945,309,-6,-4,1
IMU,38539,209,950,311,-6,-4,1
IMU,38559,208,956,313,-6,-4,1
IMU,38579,209,956,312,-6,-4,1
IMU,38599,207,942,311,-6,-4,1
IMU,38619,212,948,311,-6,-4,1
IMU,38639,214,951,314,-6,-4,1
IMU,38659,210,955,314,-6,-4,1
IMU,38679,213,951,311,-6,-4,1
IMU,38699,213,945,305,-6,-4,1
IMU,38719,208,950,307,-6,-4,1
IMU,38739,207,953,308,-6,-4,1
IMU,38759,211,956,307,-6,-4,1
IMU,38779,212,949,304,-6,-4,1
IMU,38799,211,944,301,-6,-5,1
IMU,38819,212,951,305,-6,-5,2
IMU,38839,213,956,306,-6,-5,2
IMU,38859,217,956,307,-6,-5,2
IMU,38879,212,953,308,-6,-5,2
IMU,38899,212,945,310,-6,-5,2
IMU,38919,218,953,314,-6,-5,2
IMU,38939,222,950,316,-6,-4,1
IMU,38959,220,950,314,-6,-4,1
IMU,38979,219,944,312,-6,-4,1
IMU,38999,212,945,312,-6,-4,1
IMU,39019,218,956,314,-6,-4,1
IMU,39039,217,952,315,-6,-4,1
IMU,39059,214,948,310,-6,-4,0
IMU,39079,213,948,307,-6,-4,1
IMU,39099,219,953,309,-6,-4,1
IMU,39119,217,961,306,-6,-4,1
IMU,39139,221,956,306,-6,-4,1
IMU,39159,216,945,302,-6,-4,0
IMU,39179,218,945,302,-6,-4,1
IMU,39199,218,946,305,-6,-4,1
IMU,39219,215,950,309,-6,-4,0
IMU,39239,214,952,310,-6,-4,0
IMU,39259,214,948,309,-6,-4,0
IMU,39279,213,953,314,-6,-4,1
IMU,39299,216,956,315,-6,-4,1
IMU,39319,215,956,315,-6,-4,1
IMU,39339,221,947,311,-6,-4,1
IMU,39359,216,943,305,-6,-4,1
IMU,39379,214,946,306,-6,-4,1
IMU,39399,213,950,308,-6,-4,1
IMU,39419,219,952,309,-6,-4,1
IMU,39439,217,949,307,-6,-4,0
IMU,39459,225,944,310,-6,-4,0
IMU,39479,221,942,313,-6,-4,0
IMU,39499,229,948,320,-6,-4,0
IMU,39519,227,949,317,-6,-4,0
IMU,39539,229,959,317,-6,-4,0
IMU,39559,228,969,317,-6,-4,0
IMU,39579,215,962,311,-6,-4,0
IMU,39599,208,958,308,-6,-4,0
IMU,39619,209,937,297,-6,-4,0
IMU,39639,213,936,294,-6,-4,0
IMU,39659,215,940,294,-6,-4,0
IMU,39679,213,946,293,-6,-4,0
IMU,39699,215,961,302,-6,-4,0
IMU,39719,215,960,303,-6,-4,0
IMU,39739,214,961,305,-6,-4,0
IMU,39759,211,953,309,-6,-4,0
IMU,39779,212,946,312,-6,-4,0
IMU,39799,215,944,315,-6,-4,0
IMU,39819,212,936,319,-6,-4,0
IMU,39839,214,942,323,-6,-4,0
IMU,39859,210,950,325,-6,-4,-1
IMU,39879,213,958,325,-6,-4,0
IMU,39899,215,957,321,-6,-4,0
IMU,39919,212,955,315,-6,-4,0
IMU,39939,208,953,311,-6,-4,0
IMU,39959,207,950,304,-6,-4,0
IMU,39979,204,949,299,-6,-4,0
IMU,39999,210,953,298,-6,-4,0
IMU,40019,216,962,298,-6,-4,0
IMU,40039,203,958,294,-6,-4,0
IMU,40059,198,946,301,-6,-4,0
IMU,40079,210,959,300,-6,-4,0
IMU,40099,202,959,311,-6,-4,0
IMU,40119,196,955,310,-6,-4,0
IMU,40139,207,955,314,-6,-4,0
IMU,40159,216,956,314,-6,-4,0
IMU,40179,210,947,316,-6,-4,0
IMU,40199,220,947,316,-6,-4,0
IMU,40219,228,958,318,-6,-4,0
IMU,40239,222,957,317,-6,-4,0
IMU,40259,213,950,315,-6,-4,0
IMU,40279,206,954,310,-6,-4,0
IMU,40299,198,956,307,-6,-4,0
IMU,40319,194,953,305,-6,-4,0
IMU,40339,197,946,304,-6,-4,0
IMU,40359,206,942,301,-6,-4,0
IMU,40379,213,947,309,-6,-4,0
IMU,40399,223,954,310,-6,-4,0
IMU,40419,214,966,311,-6,-4,0
IMU,40439,209,960,315,-6,-4,0
IMU,40459,196,961,308,-6,-4,0
IMU,40479,197,954,307,-6,-4,0
IMU,40499,203,950,307,-6,-4,0
IMU,40519,209,955,304,-6,-4,0
IMU,40539,204,953,305,-6,-4,0
IMU,40559,214,951,305,-6,-4,0
IMU,40579,211,950,305,-6,-4,0
IMU,40599,209,956,307,-6,-4,0
IMU,40619,202,954,309,-6,-4,0
IMU,40639,201,951,313,-6,-4,0
IMU,40659,194,950,314,-6,-4,0
IMU,40679,191,948,314,-6,-4,0
IMU,40699,197,953,314,-6,-4,0
IMU,40719,204,956,315,-6,-4,0
IMU,40739,214,959,314,-6,-4,0
IMU,40759,209,951,311,-6,-4,0
IMU,40779,205,949,309,-6,-4,0
IMU,40799,200,948,308,-6,-4,0
IMU,40819,193,948,309,-6,-4,0
IMU,40839,190,948,308,-6,-4,0
IMU,40859,193,949,308,-6,-4,0
IMU,40879,203,958,312,-6,-4,0
IMU,40899,210,959,311,-6,-4,0
IMU,40919,216,963,316,-6,-4,0
IMU,40939,212,956,312,-6,-4,0
IMU,40959,211,948,310,-6,-4,0
IMU,40979,204,947,308,-6,-4,0
IMU,40999,196,943,305,-6,-4,0
IMU,41019,191,948,303,-6,-4,0
IMU,41039,193,947,300,-6,-4,0
IMU,41059,207,959,308,-6,-4,0
IMU,41079,210,964,307,-6,-4,0
IMU,41099,215,962,305,-6,-4,0
IMU,41119,211,959,305,-6,-4,0
IMU,41139,207,953,305,-6,-4,0
IMU,41159,201,951,305,-6,-4,0
IMU,41179,191,945,305,-6,-4,0
IMU,41199,190,945,305,-6,-4,0
IMU,41219,194,945,308,-6,-4,1
IMU,41239,198,953,313,-6,-4,1
IMU,41259,203,959,312,-6,-4,1
IMU,41279,207,961,314,-6,-4,1
IMU,41299,209,955,313,-6,-4,1
IMU,41319,209,949,314,-6,-4,1
IMU,41339,201,944,318,-6,-4,1
IMU,41359,195,945,316,-6,-4,1
IMU,41379,197,946,315,-6,-4,1
IMU,41399,197,950,318,-6,-4,1
IMU,41419,203,957,315,-6,-4,1
IMU,41439,207,957,313,-6,-4,1
IMU,41459,209,956,315,-6,-4,1
IMU,41479,212,956,311,-6,-4,1
IMU,41499,211,947,306,-6,-4,1
IMU,41519,203,948,303,-6,-4,1
IMU,41539,203,949,302,-6,-4,1
IMU,41559,204,956,301,-6,-4,1
IMU,41579,204,958,299,-6,-4,1
IMU,41599,206,956,301,-6,-4,1
IMU,41619,206,957,299,-6,-4,1
IMU,41639,203,953,304,-6,-5,2
IMU,41659,207,955,308,-6,-4,1
IMU,41679,207,950,308,-6,-4,1
IMU,41699,207,943,306,-6,-4,1
IMU,41719,209,943,309,-6,-4,1
IMU,41739,212,951,312,-6,-4,1
IMU,41759,207,956,316,-6,-4,1
IMU,41779,203,960,317,-6,-4,1
IMU,41799,201,955,316,-6,-4,1
IMU,41819,204,950,314,-6,-4,1
IMU,41839,202,947,314,-6,-4,2
IMU,41859,205,945,314,-6,-4,2
IMU,41879,206,944,313,-6,-5,1
IMU,41899,209,944,313,-6,-5,2
IMU,41919,210,950,315,-6,-4,1
IMU,41939,209,956,312,-6,-4,1
IMU,41959,209,960,314,-6,-4,1
IMU,41979,208,957,311,-6,-4,1
IMU,41999,210,949,308,-6,-4,1
IMU,42019,214,947,306,-6,-4,1
IMU,42039,212,946,306,-6,-4,1
IMU,42059,213,950,307,-6,-4,1
IMU,42079,217,954,307,-6,-4,1
IMU,42099,217,952,306,-6,-4,1
IMU,42119,217,953,308,-6,-4,1
IMU,42139,215,952,305,-6,-4,1
IMU,42159,216,949,307,-6,-4,0
IMU,42179,213,949,305,-6,-4,0
IMU,42199,213,949,306,-6,-4,0
IMU,42219,215,951,308,-6,-4,0
IMU,42239,218,954,308,-6,-4,0
IMU,42259,219,958,310,-6,-4,0
IMU,42279,214,958,312,-6,-4,0
IMU,42299,208,953,311,-6,-4,0
IMU,42319,200,949,309,-6,-4,0
IMU,42339,204,946,308,-6,-4,0
IMU,42359,201,943,307,-6,-4,0
IMU,42379,204,945,314,-6,-4,0
IMU,42399,205,949,313,-6,-4,0
IMU,42419,213,952,312,-6,-4,0
IMU,42439,216,956,311,-6,-4,0
IMU,42459,214,956,311,-6,-4,0
IMU,42479,210,956,312,-6,-4,0
IMU,42499,207,950,309,-6,-4,0
IMU,42519,208,947,310,-6,-4,0
IMU,42539,205,944,310,-6,-4,0
IMU,42559,204,950,313,-6,-4,0
IMU,42579,208,950,313,-6,-4,0
IMU,42599,216,953,313,-6,-4,0
IMU,42619,219,956,314,-6,-4,0
IMU,42639,214,950,312,-6,-4,0
IMU,42659,211,949,309,-6,-4,0
IMU,42679,207,950,306,-6,-4,0
IMU,42699,209,950,308,-6,-4,0
IMU,42719,205,950,307,-6,-4,0
IMU,42739,205,952,305,-6,-4,0
IMU,42759,207,957,306,-6,-4,0
IMU,42779,209,957,305,-6,-4,0
IMU,42799,205,954,305,-6,-4,0
IMU,42819,201,950,307,-6,-4,0
IMU,42839,200,946,311,-6,-4,0
IMU,42859,200,947,314,-6,-4,0
IMU,42879,198,949,314,-6,-4,0
IMU,42899,200,949,316,-6,-4,0
IMU,42919,201,953,318,-6,-4,0
IMU,42939,204,954,317,-6,-4,1
IMU,42959,209,954,317,-6,-4,1
IMU,42979,209,952,314,-6,-4,1
IMU,42999,210,947,313,-6,-4,0
IMU,43019,209,947,310,-6,-4,0
IMU,43039,212,949,311,-6,-4,0
IMU,43059,214,954,305,-6,-4,0
IMU,43079,214,959,304,-6,-4,0
IMU,43099,214,960,302,-6,-4,0
IMU,43119,214,959,298,-6,-4,0
IMU,43139,211,956,298,-6,-4,0
IMU,43159,212,951,293,-6,-4,0
IMU,43179,210,950,297,-6,-4,0
IMU,43199,210,949,299,-6,-4,0
IMU,43219,206,952,302,-6,-4,0
IMU,43239,208,957,305,-6,-4,0
IMU,43259,206,958,309,-6,-4,0
IMU,43279,205,957,312,-6,-4,0
IMU,43299,202,952,314,-6,-4,0
IMU,43319,198,950,318,-6,-4,0
IMU,43339,196,945,319,-6,-4,0
IMU,43359,195,942,323,-6,-4,0
IMU,43379,193,944,322,-6,-4,0
IMU,43399,198,950,322,-6,-4,0
IMU,43419,202,954,320,-6,-4,0
IMU,43439,204,960,316,-6,-4,0
IMU,43459,201,958,311,-6,-4,0
IMU,43479,198,955,304,-6,-4,1
IMU,43499,195,949,299,-6,-4,1
IMU,43519,195,945,291,-6,-4,1
IMU,43539,197,948,293,-6,-4,1
IMU,43559,196,952,294,-6,-5,2
IMU,43579,201,957,296,-6,-5,2
IMU,43599,207,960,299,-6,-5,2
IMU,43619,210,958,302,-6,-5,2
IMU,43639,211,955,305,-6,-5,2
IMU,43659,208,951,308,-6,-5,2
IMU,43679,206,948,305,-6,-5,2
IMU,43699,203,948,314,-6,-5,2
IMU,43719,209,949,320,-6,-5,2
IMU,43739,208,951,323,-6,-4,2
IMU,43759,217,952,323,-6,-4,1
IMU,43779,220,946,324,-6,-4,1
IMU,43799,219,947,323,-6,-4,1
IMU,43819,215,948,322,-6,-4,1
IMU,43839,209,948,318,-6,-4,0
IMU,43859,208,949,313,-6,-4,0
IMU,43879,203,951,313,-6,-4,0
IMU,43899,202,953,313,-6,-4,0
IMU,43919,213,954,310,-6,-4,0
IMU,43939,214,955,304,-6,-4,0
IMU,43959,213,950,304,-6,-4,0
IMU,43979,214,952,298,-6,-4,0
IMU,43999,218,949,295,-6,-4,0
IMU,44019,204,959,295,-6,-4,0
IMU,44039,205,958,295,-6,-4,0
IMU,44059,205,957,298,-6,-4,0
IMU,44079,204,955,297,-6,-4,0
IMU,44099,202,953,301,-6,-4,1
IMU,44119,202,953,304,-6,-4,1
IMU,44139,208,959,310,-6,-4,1
IMU,44159,209,946,311,-6,-4,1
IMU,44179,214,945,310,-6,-4,1
IMU,44199,205,946,316,-6,-4,1
IMU,44219,208,954,320,-6,-4,1
IMU,44239,214,952,322,-6,-4,1
IMU,44259,215,956,322,-6,-4,0
IMU,44279,212,956,324,-6,-4,0
IMU,44299,212,947,323,-6,-4,0
IMU,44319,212,949,322,-6,-4,0
IMU,44339,214,947,319,-6,-4,0
IMU,44359,209,939,310,-6,-4,0
IMU,44379,203,951,312,-6,-4,0
IMU,44399,205,954,312,-6,-4,0
IMU,44419,211,959,308,-6,-4,0
IMU,44439,211,958,306,-6,-4,0
IMU,44459,214,950,303,-6,-4,0
IMU,44479,211,954,302,-6,-4,0
IMU,44499,209,948,299,-6,-4,0
IMU,44519,214,952,301,-6,-4,0
IMU,44539,215,953,300,-6,-4,0
IMU,44559,206,950,297,-6,-4,0
IMU,44579,206,957,300,-6,-4,0
IMU,44599,207,955,300,-6,-4,0
IMU,44619,210,958,302,-6,-4,0
IMU,44639,209,953,301,-6,-4,0
IMU,44659,207,949,303,-6,-4,0
IMU,44679,204,952,311,-6,-4,0
IMU,44699,210,953,312,-6,-4,0
IMU,44719,212,953,313,-6,-4,0
IMU,44739,209,948,313,-6,-4,0
IMU,44759,200,946,315,-6,-4,0
IMU,44779,198,951,312,-6,-4,0
IMU,44799,197,949,314,-6,-4,0
IMU,44819,202,949,314,-6,-4,0
IMU,44839,200,942,313,-6,-4,0
IMU,44859,209,948,312,-6,-4,0
IMU,44879,209,956,314,-6,-4,0
IMU,44899,211,962,315,-6,-4,0
IMU,44919,205,960,312,-6,-4,0
IMU,44939,203,955,308,-6,-4,0
IMU,44959,204,946,303,-6,-4,0
IMU,44979,206,945,307,-6,-4,0
IMU,44999,208,946,308,-6,-4,0
IMU,45019,204,947,308,-6,-4,0
IMU,45039,207,950,311,-6,-4,0
IMU,45059,205,956,311,-6,-4,0
IMU,45079,213,965,310,-6,-4,0
IMU,45099,219,962,308,-6,-4,0
IMU,45119,219,953,308,-6,-4,0
IMU,45139,210,948,306,-6,-4,0
IMU,45159,204,947,302,-6,-4,0
IMU,45179,201,949,304,-6,-4,0
IMU,45199,199,948,304,-6,-4,-1
IMU,45219,197,947,303,-6,-4,-1
IMU,45239,201,949,304,-6,-4,0
IMU,45259,203,953,307,-6,-4,0
IMU,45279,205,962,313,-6,-4,0
IMU,45299,203,962,313,-6,-4,0
IMU,45319,203,955,312,-6,-4,0
IMU,45339,204,950,311,-6,-4,0
IMU,45359,206,945,309,-6,-4,0
IMU,45379,205,945,309,-6,-4,0
IMU,45399,199,945,311,-6,-4,0
IMU,45419,199,949,312,-6,-4,0
IMU,45439,203,954,308,-6,-4,0
IMU,45459,205,961,310,-6,-4,0
IMU,45479,208,958,311,-6,-4,0
IMU,45499,212,952,314,-6,-4,0
IMU,45519,210,946,311,-6,-4,0
IMU,45539,205,946,310,-6,-4,0
IMU,45559,203,947,307,-6,-4,0
IMU,45579,201,951,309,-6,-4,0
IMU,45599,201,953,310,-6,-4,0
IMU,45619,200,954,310,-6,-4,0
IMU,45639,201,956,313,-6,-4,0
IMU,45659,204,956,312,-6,-4,0
IMU,45679,203,955,311,-6,-4,0
IMU,45699,201,950,304,-6,-4,0
IMU,45719,206,949,306,-6,-4,0
IMU,45739,201,949,304,-6,-4,0
IMU,45759,200,953,305,-6,-4,0
IMU,45779,201,953,307,-6,-4,0
IMU,45799,197,956,305,-6,-4,0
IMU,45819,197,957,307,-6,-4,0
IMU,45839,200,956,307,-6,-4,0
IMU,45859,206,952,305,-6,-4,0
IMU,45879,206,951,304,-6,-4,0
IMU,45899,207,952,305,-6,-4,0
IMU,45919,204,953,305,-6,-4,0
IMU,45939,204,956,308,-6,-4,0
IMU,45959,200,956,307,-6,-4,0
IMU,45979,193,956,306,-6,-4,0
IMU,45999,196,950,307,-6,-4,0
IMU,46019,198,947,308,-6,-4,0
IMU,46039,197,950,311,-6,-4,1
IMU,46059,198,950,313,-6,-4,1
IMU,46079,202,951,311,-6,-4,0
IMU,46099,203,954,313,-6,-4,0
IMU,46119,203,953,314,-6,-4,0
IMU,46139,198,954,315,-6,-4,1
IMU,46159,199,955,315,-6,-4,1
IMU,46179,198,951,313,-6,-4,1
IMU,46199,198,950,315,-6,-4,1
IMU,46219,202,951,314,-6,-4,1
IMU,46239,203,950,313,-6,-4,1
IMU,46259,206,950,312,-6,-4,1
IMU,46279,208,950,304,-6,-4,0
IMU,46299,203,952,305,-6,-4,0
IMU,46319,206,956,304,-6,-4,0
IMU,46339,204,959,306,-6,-4,0
IMU,46359,201,960,301,-6,-4,0
IMU,46379,202,958,299,-6,-4,0
IMU,46399,200,956,299,-6,-4,0
IMU,46419,199,951,299,-6,-4,1
IMU,46439,202,948,299,-6,-4,1
IMU,46459,204,945,302,-6,-4,0
IMU,46479,201,948,305,-6,-4,0
IMU,46499,203,953,305,-6,-4,1
IMU,46519,198,960,308,-6,-4,1
IMU,46539,201,962,311,-6,-4,1
IMU,46559,197,957,312,-6,-4,1
IMU,46579,195,954,314,-6,-4,1
IMU,46599,201,947,313,-6,-5,2
IMU,46619,201,943,312,-6,-5,2
IMU,46639,200,944,316,-6,-5,2
IMU,46659,203,944,319,-6,-5,2
IMU,46679,208,956,321,-6,-5,2
IMU,46699,207,952,323,-6,-4,1
IMU,46719,213,958,317,-6,-4,1
IMU,46739,206,952,312,-6,-4,1
IMU,46759,211,952,311,-6,-4,1
IMU,46779,203,950,308,-6,-4,1
IMU,46799,199,950,300,-6,-4,1
IMU,46819,202,951,301,-6,-4,1
IMU,46839,207,948,305,-6,-4,1
IMU,46859,209,950,309,-6,-4,1
IMU,46879,215,954,305,-6,-4,1
IMU,46899,209,957,307,-6,-4,1
IMU,46919,208,961,306,-6,-4,1
IMU,46939,206,959,306,-6,-4,1
IMU,46959,202,950,305,-6,-4,1
IMU,46979,203,948,306,-6,-4,1
IMU,46999,205,945,308,-6,-4,1
IMU,47019,210,944,307,-6,-4,1
IMU,47039,211,947,306,-6,-4,1
IMU,47059,213,949,308,-6,-4,0
IMU,47079,211,959,308,-6,-4,0
IMU,47099,217,962,311,-6,-4,0
IMU,47119,210,958,313,-6,-4,0
IMU,47139,205,951,309,-6,-4,0
IMU,47159,202,948,308,-6,-4,1
IMU,47179,201,949,305,-6,-4,1
IMU,47199,206,951,306,-6,-4,0
IMU,47219,210,950,311,-6,-4,0
IMU,47239,208,948,306,-6,-4,0
IMU,47259,209,954,310,-6,-4,1
IMU,47279,210,960,310,-6,-4,1
IMU,47299,203,963,308,-6,-4,1
IMU,47319,205,960,312,-6,-4,1
IMU,47339,202,952,310,-6,-4,1
IMU,47359,205,948,303,-6,-4,1
IMU,47379,209,944,299,-6,-4,1
IMU,47399,211,948,299,-6,-4,1
IMU,47419,211,948,299,-6,-4,1
IMU,47439,207,947,301,-6,-4,1
IMU,47459,201,955,304,-6,-4,2
IMU,47479,203,958,308,-6,-4,2
IMU,47499,205,960,312,-6,-4,1
IMU,47519,210,952,319,-6,-4,1
IMU,47539,217,950,320,-6,-5,1
IMU,47559,223,951,327,-6,-5,1
IMU,47579,222,952,327,-6,-4,1
IMU,47599,223,948,322,-6,-4,0
IMU,47619,212,942,318,-6,-4,0
IMU,47639,209,938,308,-6,-4,0
IMU,47659,211,944,304,-6,-4,0
IMU,47679,209,952,304,-6,-4,0
IMU,47699,210,960,303,-6,-4,0
IMU,47719,212,965,305,-6,-4,0
IMU,47739,219,965,304,-6,-4,0
IMU,47759,226,958,303,-6,-4,0
IMU,47779,217,946,302,-6,-4,0
IMU,47799,208,938,300,-6,-4,0
IMU,47819,197,938,303,-6,-4,0
IMU,47839,192,945,305,-6,-4,0
IMU,47859,194,955,311,-6,-4,0
IMU,47879,201,957,315,-6,-4,0
IMU,47899,207,956,316,-6,-4,0
IMU,47919,219,957,315,-6,-4,0
IMU,47939,220,956,319,-6,-4,0
IMU,47959,214,948,317,-6,-4,0
IMU,47979,206,943,313,-6,-4,0
IMU,47999,196,943,315,-6,-4,0
IMU,48019,192,945,316,-6,-4,0
IMU,48039,196,950,313,-6,-4,0
IMU,48059,197,955,314,-6,-4,0
IMU,48079,204,956,314,-6,-4,0
IMU,48099,209,953,311,-6,-4,1
IMU,48119,208,958,311,-6,-4,1
IMU,48139,207,953,312,-6,-4,1
IMU,48159,204,943,305,-6,-4,0
IMU,48179,201,942,300,-6,-4,0
IMU,48199,196,942,294,-6,-4,1
IMU,48219,197,958,297,-6,-5,1
IMU,48239,203,963,300,-6,-5,2
IMU,48259,203,962,300,-6,-5,2
IMU,48279,208,957,302,-6,-5,2
IMU,48299,209,952,305,-6,-5,2
IMU,48319,210,948,308,-6,-5,2
IMU,48339,215,945,308,-6,-5,2
IMU,48359,210,939,310,-6,-5,2
IMU,48379,205,944,314,-6,-5,2
IMU,48399,214,952,318,-6,-4,2
IMU,48419,211,961,318,-6,-4,1
IMU,48439,217,962,320,-6,-4,1
IMU,48459,216,949,321,-6,-4,1
IMU,48479,219,950,318,-6,-4,1
IMU,48499,224,943,311,-6,-4,0
IMU,48519,223,947,309,-6,-4,0
IMU,48539,220,945,311,-6,-4,0
IMU,48559,218,947,303,-6,-4,0
IMU,48579,212,954,303,-6,-4,0
IMU,48599,212,959,296,-6,-4,0
IMU,48619,209,960,296,-6,-4,-1
IMU,48639,205,955,295,-6,-4,-1
IMU,48659,209,951,293,-6,-4,0
IMU,48679,209,955,300,-6,-4,0
IMU,48699,206,953,297,-6,-4,0
IMU,48719,210,953,295,-6,-4,0
IMU,48739,203,949,299,-6,-4,0
IMU,48759,199,946,299,-6,-4,0
IMU,48779,201,954,306,-6,-4,0
IMU,48799,194,954,309,-6,-4,0
IMU,48819,200,957,311,-6,-4,0
IMU,48839,207,951,311,-6,-4,1
IMU,48859,206,950,314,-6,-4,1
IMU,48879,213,956,319,-6,-4,1
IMU,48899,212,951,317,-6,-4,1
IMU,48919,214,948,320,-6,-4,0
IMU,48939,212,942,320,-6,-4,0
IMU,48959,206,941,318,-6,-4,0
IMU,48979,204,950,318,-6,-4,0
IMU,48999,205,953,316,-6,-4,0
IMU,49019,204,957,314,-6,-4,0
IMU,49039,208,954,309,-6,-4,0
IMU,49059,212,950,309,-6,-4,0
IMU,49079,216,953,304,-6,-4,0
IMU,49099,217,950,304,-6,-4,0
IMU,49119,209,951,304,-6,-4,0
IMU,49139,201,949,301,-6,-4,0
IMU,49159,196,948,300,-6,-4,0
IMU,49179,198,957,299,-6,-4,0
IMU,49199,203,958,303,-6,-4,0
IMU,49219,209,952,305,-6,-4,0
IMU,49239,210,947,306,-6,-4,1
IMU,49259,211,951,307,-6,-4,1
IMU,49279,210,959,314,-6,-4,1
IMU,49299,208,957,312,-6,-4,1
IMU,49319,204,950,316,-6,-4,0
IMU,49339,200,942,313,-6,-4,1
IMU,49359,202,943,316,-6,-4,1
IMU,49379,203,951,320,-6,-4,1
IMU,49399,203,952,318,-6,-4,1
IMU,49419,211,954,314,-6,-4,1
IMU,49439,214,954,318,-6,-4,0
IMU,49459,224,951,315,-6,-4,0
IMU,49479,214,948,311,-6,-4,1
IMU,49499,211,950,310,-6,-4,1
IMU,49519,206,954,304,-6,-4,0
IMU,49539,198,948,302,-6,-4,0
IMU,49559,200,954,305,-6,-4,1
IMU,49579,200,952,302,-6,-4,1
IMU,49599,206,957,302,-6,-4,1
IMU,49619,217,961,303,-6,-5,1
IMU,49639,215,952,301,-6,-4,1
IMU,49659,214,950,302,-6,-4,1
IMU,49679,221,948,301,-6,-4,1
IMU,49699,209,948,300,-6,-4,1
IMU,49719,209,949,306,-6,-4,1
IMU,49739,200,951,306,-6,-4,1
IMU,49759,205,952,311,-6,-4,1
IMU,49779,211,951,308,-6,-4,1
IMU,49799,216,955,307,-6,-4,1
IMU,49819,209,957,310,-6,-5,1
IMU,49839,221,950,310,-6,-4,1
IMU,49859,213,951,307,-6,-4,1
IMU,49879,214,948,308,-6,-4,1
IMU,49899,212,948,312,-6,-4,1
IMU,49919,208,953,313,-6,-4,1
IMU,49939,211,947,311,-6,-4,1
IMU,49959,217,951,314,-6,-4,1
IMU,49979,214,947,316,-6,-4,1
IMU,49999,217,944,317,-6,-4,1
IMU,50019,217,943,316,-6,-4,0
IMU,50039,219,944,314,-6,-4,0
IMU,50059,221,950,314,-6,-4,0
IMU,50079,213,955,315,-6,-4,0
IMU,50099,209,963,313,-6,-4,0
IMU,50119,213,960,313,-6,-4,0
IMU,50139,208,947,309,-6,-4,0
IMU,50159,216,947,288,-6,-4,0
IMU,50179,211,937,284,-6,-4,0
IMU,50199,217,946,294,-6,-4,0
IMU,50219,215,952,305,-6,-4,0
IMU,50239,211,955,305,-6,-4,0
IMU,50259,213,965,315,-6,-4,0
IMU,50279,215,953,316,-6,-4,0
IMU,50299,212,957,327,-6,-4,0
IMU,50319,214,950,320,-6,-4,0
IMU,50339,207,946,316,-6,-4,1
IMU,50359,205,944,314,-6,-4,0
IMU,50379,202,942,315,-6,-4,0
IMU,50399,205,949,311,-6,-4,1
IMU,50419,209,950,309,-6,-4,1
IMU,50439,206,958,308,-6,-5,2
IMU,50459,199,963,308,-6,-5,2
IMU,50479,202,957,307,-6,-5,3
IMU,50499,205,951,303,-6,-5,3
IMU,50519,218,941,297,-6,-5,3
IMU,50539,223,939,295,-6,-5,3
IMU,50559,219,944,298,-6,-5,3
IMU,50579,223,954,298,-6,-5,3
IMU,50599,226,961,306,-6,-5,2
IMU,50619,226,961,309,-6,-5,2
IMU,50639,227,955,305,-6,-4,1
IMU,50659,242,943,307,-6,-4,1
IMU,50679,230,944,308,-6,-4,1
IMU,50699,231,945,311,-6,-4,1
IMU,50719,222,949,313,-6,-4,0
IMU,50739,227,948,314,-6,-4,0
IMU,50759,236,947,313,-6,-4,-1
IMU,50779,229,952,314,-6,-3,-1
IMU,50799,230,950,314,-6,-3,-2
IMU,50819,225,949,319,-6,-3,-2
IMU,50839,216,951,312,-6,-3,-2
IMU,50859,217,947,312,-6,-3,-2
IMU,50879,212,945,311,-6,-3,-3
IMU,50899,208,944,303,-6,-3,-3
IMU,50919,218,945,302,-6,-3,-3
IMU,50939,208,946,305,-6,-3,-3
IMU,50959,211,956,306,-6,-3,-3
IMU,50979,201,955,305,-6,-3,-2
IMU,50999,198,959,314,-6,-3,-2
IMU,51019,206,954,305,-6,-3,-2
IMU,51039,196,950,302,-6,-4,-1
IMU,51059,200,954,306,-6,-4,-1
IMU,51079,195,942,305,-6,-4,0
IMU,51099,201,946,304,-6,-4,0
IMU,51119,198,965,309,-6,-4,0
IMU,51139,193,958,307,-6,-4,0
IMU,51159,192,952,305,-6,-4,1
IMU,51179,195,954,308,-6,-5,2
IMU,51199,203,955,309,-6,-4,2
IMU,51219,197,948,308,-6,-5,2
IMU,51239,203,944,307,-6,-5,2
IMU,51259,209,949,306,-6,-5,3
IMU,51279,212,946,308,-6,-5,3
IMU,51299,210,942,309,-6,-5,2
IMU,51319,207,950,313,-6,-5,2
IMU,51339,209,956,314,-6,-5,3
IMU,51359,212,952,318,-6,-5,2
IMU,51379,221,955,317,-6,-5,2
IMU,51399,222,952,316,-6,-5,2
IMU,51419,218,954,317,-6,-5,2
IMU,51439,220,950,310,-6,-5,2
IMU,51459,220,946,311,-6,-4,1
IMU,51479,214,948,306,-6,-4,1
IMU,51499,211,945,300,-6,-4,1
IMU,51519,212,951,302,-6,-4,1
IMU,51539,211,956,300,-6,-4,1
IMU,51559,213,953,298,-6,-4,1
IMU,51579,212,958,300,-6,-4,1
IMU,51599,209,955,299,-6,-5,2
IMU,51619,202,959,302,-6,-5,2
IMU,51639,203,950,300,-6,-5,3
IMU,51659,198,947,301,-6,-5,3
IMU,51679,199,940,304,-6,-5,3
IMU,51699,207,944,307,-6,-5,4
IMU,51719,218,952,314,-6,-5,4
IMU,51739,222,954,316,-6,-5,4
IMU,51759,228,954,316,-6,-5,4
IMU,51779,228,951,314,-6,-5,4
IMU,51799,232,956,317,-6,-5,3
IMU,51819,228,950,317,-6,-5,3
IMU,51839,230,940,315,-6,-5,3
IMU,51859,220,939,310,-6,-5,3
IMU,51879,225,943,313,-6,-5,2
IMU,51899,222,941,312,-6,-5,2
IMU,51919,228,950,314,-6,-5,2
IMU,51939,234,951,313,-6,-4,1
IMU,51959,235,950,313,-6,-4,1
IMU,51979,235,953,311,-6,-4,1
IMU,51999,237,956,305,-6,-4,0
IMU,52019,233,959,305,-6,-4,0
IMU,52039,227,941,302,-6,-4,0
IMU,52059,229,941,300,-6,-4,0
IMU,52079,226,950,304,-6,-4,0
IMU,52099,217,945,300,-6,-4,0
IMU,52119,214,953,300,-6,-4,0
IMU,52139,219,960,299,-6,-4,0
IMU,52159,223,958,307,-6,-4,0
IMU,52179,230,957,312,-6,-4,0
IMU,52199,234,958,316,-6,-4,0
IMU,52219,206,944,311,-6,-4,0
IMU,52239,225,950,315,-6,-4,0
IMU,52259,210,956,313,-6,-4,0
IMU,52279,205,939,310,-6,-4,0
IMU,52299,218,933,311,-6,-4,0
IMU,52319,218,944,313,-6,-4,1
IMU,52339,229,952,316,-6,-4,1
IMU,52359,217,941,312,-6,-4,1
IMU,52379,228,952,317,-6,-4,0
IMU,52399,235,948,315,-6,-4,0
IMU,52419,230,945,311,-6,-4,0
IMU,52439,233,939,307,-6,-4,0
IMU,52459,220,942,308,-6,-4,0
IMU,52479,216,956,311,-6,-4,0
IMU,52499,214,945,306,-6,-4,0
IMU,52519,221,956,310,-6,-4,0
IMU,52539,219,943,303,-6,-4,0
IMU,52559,227,943,300,-6,-4,0
IMU,52579,238,949,303,-6,-4,0
IMU,52599,229,947,302,-6,-4,0
IMU,52619,230,960,304,-6,-4,0
IMU,52639,216,944,301,-6,-4,0
IMU,52659,225,957,304,-6,-4,0
IMU,52679,219,950,306,-6,-4,0
IMU,52699,218,944,314,-6,-4,0
IMU,52719,217,951,315,-6,-4,0
IMU,52739,219,944,313,-6,-4,0
IMU,52759,223,953,313,-6,-4,0
IMU,52779,221,949,315,-6,-4,0
IMU,52799,219,950,310,-6,-4,0
IMU,52819,215,948,310,-6,-4,0
IMU,52839,216,949,310,-6,-4,0
IMU,52859,213,952,311,-6,-4,0
IMU,52879,206,951,308,-6,-4,0
IMU,52899,213,952,311,-6,-4,0
IMU,52919,212,948,311,-6,-4,0
IMU,52939,221,944,311,-6,-4,0
IMU,52959,216,943,311,-6,-4,0
IMU,52979,223,949,312,-6,-4,1
IMU,52999,216,949,311,-6,-4,1
IMU,53019,220,955,314,-6,-4,0
IMU,53039,214,952,311,-6,-4,0
IMU,53059,215,947,307,-6,-4,1
IMU,53079,215,950,308,-6,-4,1
IMU,53099,219,947,305,-6,-4,1
IMU,53119,222,951,303,-6,-4,1
IMU,53139,227,948,302,-6,-4,0
IMU,53159,225,951,305,-6,-4,0
IMU,53179,231,951,306,-6,-4,0
IMU,53199,226,950,305,-6,-4,0
IMU,53219,227,949,305,-6,-4,0
IMU,53239,221,947,301,-6,-4,0
IMU,53259,220,950,307,-6,-4,0
IMU,53279,221,957,309,-6,-4,0
IMU,53299,221,956,309,-6,-4,0
IMU,53319,224,956,308,-6,-4,0
IMU,53339,224,949,309,-6,-4,0
IMU,53359,223,946,309,-6,-4,-1
IMU,53379,218,947,307,-6,-4,-1
IMU,53399,217,949,307,-6,-4,-1
IMU,53419,214,948,311,-6,-4,-1
IMU,53439,215,949,313,-6,-4,-1
IMU,53459,213,951,313,-6,-4,-1
IMU,53479,212,951,313,-6,-4,-1
IMU,53499,215,949,316,-6,-4,-1
IMU,53519,215,948,314,-6,-4,-1
IMU,53539,215,942,315,-6,-4,-1
IMU,53559,214,943,316,-6,-4,-1
IMU,53579,216,950,316,-6,-4,-1
IMU,53599,209,955,313,-6,-4,-1
IMU,53619,209,956,312,-6,-4,-1
IMU,53639,206,955,310,-6,-4,-1
IMU,53659,209,952,312,-6,-4,-1
IMU,53679,207,952,311,-6,-4,0
IMU,53699,202,949,307,-6,-4,0
IMU,53719,200,949,311,-6,-4,0
IMU,53739,198,949,310,-6,-4,0
IMU,53759,197,951,308,-6,-4,0
IMU,53779,200,947,303,-6,-4,1
IMU,53799,204,944,300,-6,-4,1
IMU,53819,209,946,297,-6,-4,2
IMU,53839,216,950,304,-6,-4,1
IMU,53859,219,958,308,-6,-4,1
IMU,53879,221,952,305,-6,-4,0
IMU,53899,229,955,310,-6,-4,0
IMU,53919,234,960,313,-6,-4,0
IMU,53939,238,956,312,-6,-4,-1
IMU,53959,232,953,307,-6,-3,-2
IMU,53979,223,954,304,-6,-3,-2
IMU,53999,221,952,305,-6,-3,-3
IMU,54019,211,950,304,-6,-3,-3
IMU,54039,209,951,311,-6,-3,-4
IMU,54059,205,944,310,-6,-3,-4
IMU,54079,204,946,310,-6,-3,-4
IMU,54099,206,949,313,-6,-3,-4
IMU,54119,208,956,313,-6,-3,-4
IMU,54139,202,964,317,-5,-3,-4
IMU,54159,201,961,311,-5,-3,-4
IMU,54179,195,957,308,-6,-3,-3
IMU,54199,188,957,308,-6,-3,-3
IMU,54219,185,950,307,-6,-3,-3
IMU,54239,173,943,301,-6,-3,-2
IMU,54259,177,942,303,-6,-3,-1
IMU,54279,181,944,302,-6,-4,-1
IMU,54299,186,951,306,-6,-4,0
IMU,54319,188,960,308,-6,-4,0
IMU,54339,190,969,310,-6,-4,0
IMU,54359,189,969,313,-6,-4,0
IMU,54379,186,959,310,-6,-4,1
IMU,54399,184,952,312,-6,-4,1
IMU,54419,183,943,315,-6,-5,2
IMU,54439,187,939,317,-6,-5,2
IMU,54459,188,940,317,-6,-5,2
IMU,54479,192,947,317,-6,-5,2
IMU,54499,198,961,320,-6,-5,2
IMU,54519,204,965,320,-6,-5,2
IMU,54539,207,963,321,-6,-5,2
IMU,54559,206,958,312,-6,-5,2
IMU,54579,201,948,302,-6,-5,2
IMU,54599,198,947,295,-6,-5,2
IMU,54619,194,943,288,-6,-5,3
IMU,54639,195,951,288,-6,-5,3
IMU,54659,200,958,293,-6,-5,2
IMU,54679,202,961,292,-6,-5,3
IMU,54699,208,965,297,-6,-5,3
IMU,54719,215,962,302,-6,-5,3
IMU,54739,212,954,305,-6,-5,3
IMU,54759,209,950,314,-6,-5,2
IMU,54779,204,940,311,-6,-5,2
IMU,54799,197,942,316,-6,-5,2
IMU,54819,198,943,319,-6,-5,2
IMU,54839,199,950,324,-6,-5,2
IMU,54859,207,953,326,-6,-5,2
IMU,54879,212,953,328,-6,-5,2
IMU,54899,212,959,329,-6,-5,2
IMU,54919,214,954,326,-6,-5,2
IMU,54939,216,947,319,-6,-5,2
IMU,54959,210,943,314,-6,-5,2
IMU,54979,202,945,311,-6,-5,2
IMU,54999,198,949,303,-6,-5,2
IMU,55019,197,952,303,-6,-5,2
IMU,55039,203,960,294,-6,-5,2
IMU,55059,210,960,292,-6,-5,2
IMU,55079,214,962,293,-6,-5,3
IMU,55099,215,958,291,-6,-5,3
IMU,55119,219,951,287,-6,-5,3
IMU,55139,216,953,295,-6,-5,3
IMU,55159,210,952,294,-6,-5,3
IMU,55179,207,952,298,-6,-5,3
IMU,55199,209,953,302,-6,-5,3
IMU,55219,214,952,308,-6,-5,3
IMU,55239,213,950,314,-6,-5,3
IMU,55259,216,950,318,-6,-5,3
IMU,55279,220,950,322,-6,-5,3
IMU,55299,225,949,319,-6,-5,3
IMU,55319,228,946,325,-6,-5,2
IMU,55339,225,943,322,-6,-5,2
IMU,55359,225,948,322,-6,-4,2
IMU,55379,221,948,320,-6,-4,2
IMU,55399,216,948,320,-6,-4,1
IMU,55419,214,947,315,-6,-4,1
IMU,55439,214,946,312,-6,-4,1
IMU,55459,218,948,309,-6,-4,1
IMU,55479,227,949,306,-6,-4,1
IMU,55499,227,952,303,-6,-4,1
IMU,55519,228,953,302,-6,-4,1
IMU,55539,228,956,303,-6,-4,0
IMU,55559,227,953,299,-6,-4,0
IMU,55579,224,950,299,-6,-4,0
IMU,55599,222,951,298,-6,-4,0
IMU,55619,218,948,299,-6,-4,0
IMU,55639,220,948,300,-6,-4,0
IMU,55659,223,946,303,-6,-4,0
IMU,55679,231,948,308,-6,-4,0
IMU,55699,230,953,309,-6,-4,0
IMU,55719,228,955,314,-6,-4,0
IMU,55739,227,954,312,-6,-4,-1
IMU,55759,220,949,314,-6,-4,-1
IMU,55779,215,950,313,-6,-4,-1
IMU,55799,213,948,313,-6,-4,-1
IMU,55819,213,943,310,-6,-4,-1
IMU,55839,212,942,307,-6,-4,-1
IMU,55859,216,950,309,-6,-4,-1
IMU,55879,214,952,309,-6,-4,-1
IMU,55899,214,956,309,-6,-4,-1
IMU,55919,216,956,312,-6,-4,-1
IMU,55939,213,950,311,-6,-4,0
IMU,55959,208,950,306,-6,-4,0
IMU,55979,204,949,307,-6,-4,0
IMU,55999,203,947,306,-6,-4,0
IMU,56019,208,944,304,-6,-4,0
IMU,56039,212,945,306,-6,-4,0
IMU,56059,216,951,306,-6,-4,0
IMU,56079,218,956,309,-6,-4,0
IMU,56099,220,958,311,-6,-4,0
IMU,56119,217,956,314,-6,-4,0
GPS,58885,59.361477,18.049730,0.00,4.46,9
GPS,59136,59.361477,18.049730,0.00,4.46,9
GPS,59191,59.361477,18.049730,0.00,4.46,9
GPS,59247,59.361477,18.049730,0.00,4.46,9
GPS,59295,59.361477,18.049730,0.00,4.46,9
GPS,59371,59.361477,18.049730,0.00,4.46,9
GPS,59443,59.361477,18.049730,0.00,4.46,9
GPS,59502,59.361477,18.049730,0.00,4.46,9
GPS,59572,59.361477,18.049730,0.00,4.46,9
GPS,59649,59.361477,18.049730,0.00,4.46,9
GPS,59688,59.361477,18.049730,0.00,4.46,9
GPS,59728,59.361477,18.049730,0.00,4.46,9
GPS,59760,59.361477,18.049730,0.00,4.46,9
GPS,60135,59.361477,18.049730,0.00,4.48,9
GPS,60190,59.361477,18.049730,0.00,4.48,9
GPS,60247,59.361477,18.049730,0.00,4.48,9
GPS,60294,59.361477,18.049730,0.00,4.48,9
GPS,60369,59.361477,18.049730,0.00,4.48,9
GPS,60442,59.361477,18.049730,0.00,4.48,9
GPS,60501,59.361477,18.049730,0.00,4.48,9
GPS,60571,59.361477,18.049730,0.00,4.48,9
GPS,60648,59.361477,18.049730,0.00,4.48,9
GPS,60687,59.361477,18.049730,0.00,4.48,9
GPS,60727,59.361477,18.049730,0.00,4.48,9
GPS,60759,59.361477,18.049730,0.00,4.48,9
IMU,58885,179,950,308,-6,-3,-5
IMU,58905,175,950,304,-5,-3,-5
IMU,58925,172,949,304,-6,-3,-5
IMU,58945,163,953,303,-6,-3,-4
IMU,58965,170,975,303,-6,-3,-3
IMU,58985,178,974,302,-6,-3,-3
IMU,59005,171,967,299,-6,-3,-3
IMU,59025,164,955,297,-6,-3,-2
IMU,59045,164,948,301,-6,-4,-1
IMU,59065,166,953,301,-6,-4,0
IMU,59085,167,951,303,-6,-4,0
IMU,59105,157,945,305,-6,-4,0
IMU,59125,149,947,309,-6,-4,0
IMU,59145,157,956,313,-6,-5,2
IMU,59165,160,966,317,-6,-5,2
IMU,59185,168,964,322,-6,-5,2
IMU,59205,167,954,317,-6,-5,2
IMU,59225,175,950,318,-6,-5,3
IMU,59245,183,947,320,-6,-5,3
IMU,59265,196,942,313,-6,-5,3
IMU,59285,182,946,311,-6,-5,3
IMU,59305,170,958,310,-6,-5,3
IMU,59325,175,964,305,-6,-5,3
IMU,59345,185,972,300,-6,-5,3
IMU,59365,184,968,299,-6,-5,3
IMU,59385,183,958,294,-6,-5,3
IMU,59405,182,957,295,-6,-5,3
IMU,59425,191,949,293,-6,-5,4
IMU,59445,197,945,293,-6,-5,3
IMU,59465,188,948,298,-6,-5,2
IMU,59485,188,954,304,-6,-5,2
IMU,59505,198,967,311,-6,-5,2
IMU,59525,196,968,311,-6,-4,2
IMU,59545,193,968,313,-6,-4,1
IMU,59565,184,958,311,-6,-4,1
IMU,59585,179,945,314,-6,-4,1
IMU,59605,185,945,312,-6,-4,1
IMU,59625,188,943,307,-6,-4,1
IMU,59645,188,937,310,-6,-4,1
IMU,59665,192,954,311,-6,-4,1
IMU,59685,192,963,315,-6,-4,1
IMU,59705,207,970,317,-6,-4,0
IMU,59725,198,962,318,-6,-4,0
IMU,59745,194,949,310,-6,-4,0
IMU,59765,191,945,312,-6,-4,0
IMU,59785,185,943,310,-6,-4,0
IMU,59805,181,944,309,-6,-4,0
IMU,59825,182,949,310,-6,-4,0
IMU,59845,186,956,308,-6,-4,0
IMU,59865,190,971,309,-6,-4,0
IMU,59885,195,976,310,-6,-4,0
IMU,59905,187,968,307,-6,-4,0
IMU,59925,181,957,306,-6,-4,0
IMU,59945,170,945,298,-6,-4,0
IMU,59965,169,944,298,-6,-4,1
IMU,59985,171,944,296,-6,-4,1
IMU,60005,171,951,297,-6,-5,2
IMU,60025,175,959,296,-6,-5,2
IMU,60045,171,961,301,-6,-5,3
IMU,60065,178,972,306,-6,-5,4
IMU,60085,178,965,307,-6,-5,4
IMU,60105,181,956,310,-6,-5,5
IMU,60125,173,941,311,-6,-5,5
IMU,60145,173,938,308,-6,-6,6
IMU,60165,173,944,315,-6,-6,7
IMU,60185,181,954,316,-6,-6,7
IMU,60205,188,961,319,-6,-6,7
IMU,60225,197,959,321,-7,-6,8
IMU,60245,201,961,321,-7,-6,8
IMU,60265,208,960,318,-7,-6,8
IMU,60285,217,960,313,-6,-6,8
IMU,60305,205,940,306,-6,-6,7
IMU,60325,199,927,299,-6,-6,7
IMU,60345,216,937,301,-6,-6,7
IMU,60365,212,948,302,-6,-6,7
IMU,60385,214,957,299,-6,-6,6
IMU,60405,222,961,300,-6,-6,6
IMU,60425,226,963,303,-7,-6,6
IMU,60445,226,974,307,-6,-5,5
IMU,60465,239,964,302,-6,-5,4
IMU,60485,237,954,304,-6,-5,3
IMU,60505,240,933,301,-6,-5,3
IMU,60525,228,933,299,-6,-5,2
IMU,60545,229,944,306,-6,-5,2
IMU,60565,222,945,309,-6,-4,1
IMU,60585,211,948,311,-6,-4,0
IMU,60605,214,950,309,-6,-4,0
IMU,60625,222,957,315,-6,-4,0
IMU,60645,222,961,315,-6,-4,0
IMU,60665,231,961,318,-6,-4,0
IMU,60685,232,949,316,-6,-4,0
IMU,60705,227,939,313,-6,-4,-1
IMU,60725,230,947,312,-6,-3,-1
IMU,60745,216,946,312,-6,-3,-1
IMU,60765,209,949,312,-6,-4,-1
IMU,60785,197,945,311,-6,-4,-1
IMU,60805,199,948,314,-6,-4,-1
IMU,60825,208,956,315,-6,-4,-1
IMU,60845,209,958,310,-6,-4,-1
IMU,60865,225,956,317,-6,-4,-1
IMU,60885,225,947,311,-6,-4,-1
IMU,60905,214,947,301,-6,-4,-1
IMU,60925,197,947,299,-6,-3,-1
IMU,60945,200,952,302,-6,-3,-1
IMU,60965,195,953,295,-6,-4,-1
IMU,60985,197,959,299,-6,-4,0
IMU,61005,199,957,296,-6,-4,0
IMU,61025,211,957,296,-6,-4,0
IMU,61045,214,977,309,-6,-4,0
IMU,61065,215,957,297,-6,-4,0
IMU,61085,221,936,298,-6,-4,0
IMU,61105,194,937,297,-6,-4,0
IMU,61125,191,941,298,-6,-4,1
IMU,61145,178,966,312,-6,-5,2
IMU,61165,175,960,309,-6,-5,2
IMU,61185,179,952,315,-6,-5,3
IMU,61205,203,952,319,-6,-5,3
IMU,61225,213,946,325,-6,-5,3
IMU,61245,240,951,332,-6,-5,3
IMU,61265,231,939,329,-6,-5,2
IMU,61285,229,936,327,-6,-5,2
IMU,61305,210,945,328,-6,-4,2
IMU,61325,196,942,315,-6,-4,2
IMU,61345,200,957,318,-6,-4,1
IMU,61365,191,953,313,-6,-5,2
IMU,61385,195,952,308,-6,-5,3
IMU,61405,227,942,299,-6,-5,3
IMU,61425,224,941,296,-6,-5,2
IMU,61445,234,961,298,-6,-5,1
IMU,61465,227,954,296,-6,-4,1
IMU,61485,230,950,292,-6,-4,1
IMU,61505,220,957,289,-6,-4,1
IMU,61525,201,961,289,-6,-4,1
IMU,61545,183,962,288,-6,-5,2
IMU,61565,203,958,293,-6,-5,2
IMU,61585,207,950,293,-6,-5,2
IMU,61605,226,946,303,-6,-5,2
IMU,61625,231,942,310,-6,-5,2
IMU,61645,244,954,319,-6,-5,2
IMU,61665,237,951,319,-6,-4,1
IMU,61685,227,950,319,-6,-4,1
IMU,61705,216,958,322,-6,-4,0
IMU,61725,213,956,323,-6,-4,1
IMU,61745,206,953,325,-6,-4,0
IMU,61765,211,940,318,-6,-4,0
IMU,61785,214,939,320,-6,-4,0
IMU,61805,224,943,325,-6,-4,0
IMU,61825,239,948,323,-6,-4,0
IMU,61845,240,956,318,-6,-4,0
IMU,61865,231,956,311,-6,-4,-1
IMU,61885,225,957,306,-6,-4,-1
IMU,61905,215,961,304,-6,-4,-1
IMU,61925,214,958,296,-6,-4,-1
IMU,61945,207,950,294,-6,-4,-1
IMU,61965,210,945,291,-6,-4,-1
IMU,61985,218,940,294,-6,-4,-1
IMU,62005,225,950,298,-6,-4,-1
IMU,62025,223,955,298,-6,-4,-1
IMU,62045,222,959,308,-6,-4,-1
IMU,62065,216,962,307,-6,-3,-1
IMU,62085,213,956,313,-6,-3,-1
IMU,62105,208,956,309,-6,-3,-1
IMU,62125,199,949,313,-6,-4,-1
IMU,62145,200,946,312,-6,-4,0
IMU,62165,201,941,311,-6,-4,0
IMU,62185,205,942,307,-6,-4,0
IMU,62205,211,947,316,-6,-4,0
IMU,62225,213,948,319,-6,-4,0
IMU,62245,214,953,316,-6,-4,0
IMU,62265,214,954,317,-6,-4,0
IMU,62285,206,957,314,-6,-4,0
IMU,62305,203,956,312,-6,-4,0
IMU,62325,203,954,305,-6,-4,0
IMU,62345,204,950,306,-6,-4,0
IMU,62365,204,943,303,-6,-4,0
IMU,62385,209,944,302,-6,-4,0
IMU,62405,209,948,303,-6,-4,0
IMU,62425,216,954,304,-6,-4,0
IMU,62445,207,955,304,-6,-4,0
IMU,62465,207,957,304,-6,-4,0
IMU,62485,206,957,305,-6,-4,1
IMU,62505,204,955,305,-6,-4,1
IMU,62525,204,953,308,-6,-4,1
IMU,62545,205,943,307,-6,-4,1
IMU,62565,203,944,307,-6,-4,1
IMU,62585,207,949,311,-6,-5,2
IMU,62605,206,952,311,-6,-4,1
IMU,62625,207,954,312,-6,-4,2
IMU,62645,207,957,311,-6,-5,2
IMU,62665,207,957,313,-6,-5,2
IMU,62685,207,956,312,-6,-5,3
IMU,62705,206,955,305,-6,-5,3
IMU,62725,205,946,305,-6,-5,3
IMU,62745,212,944,302,-6,-5,3
IMU,62765,211,943,304,-6,-5,3
IMU,62785,216,946,307,-6,-5,3
IMU,62805,218,952,306,-6,-5,3
IMU,62825,218,955,306,-6,-5,3
IMU,62845,214,955,305,-6,-5,3
IMU,62865,220,955,308,-6,-5,3
IMU,62885,216,954,305,-6,-5,3
IMU,62905,220,950,308,-6,-5,3
IMU,62925,218,945,308,-6,-5,4
IMU,62945,220,945,311,-6,-5,4
IMU,62965,222,948,313,-6,-5,3
IMU,62985,229,951,317,-6,-5,3
IMU,63005,236,950,319,-6,-5,2
IMU,63025,242,947,319,-6,-5,2
IMU,63045,236,944,320,-6,-4,1
IMU,63065,237,947,319,-6,-4,1
IMU,63085,230,950,316,-6,-4,0
IMU,63105,223,949,313,-6,-4,0
IMU,63125,223,948,309,-6,-4,0
IMU,63145,224,944,306,-6,-4,0
IMU,63165,224,946,301,-6,-4,0
IMU,63185,227,954,302,-6,-4,0
IMU,63205,223,953,301,-6,-4,0
IMU,63225,226,955,299,-6,-4,0
IMU,63245,228,950,296,-6,-4,0
IMU,63265,219,955,294,-6,-4,0
IMU,63285,208,952,300,-6,-4,0
IMU,63305,222,954,300,-6,-4,0
IMU,63325,214,946,299,-6,-4,1
IMU,63345,230,948,305,-6,-4,0
IMU,63365,221,949,309,-6,-4,0
IMU,63385,233,950,312,-6,-4,0
IMU,63405,235,946,313,-6,-4,0
IMU,63425,231,945,316,-6,-4,0
IMU,63445,228,949,318,-6,-4,0
IMU,63465,225,950,317,-6,-4,0
IMU,63485,223,951,318,-6,-4,0
IMU,63505,217,947,313,-6,-4,-1
IMU,63525,223,945,311,-6,-4,-1
IMU,63545,218,940,313,-6,-4,-1
IMU,63565,230,950,316,-6,-4,-1
IMU,63585,224,951,313,-6,-3,-1
IMU,63605,224,952,312,-6,-3,-2
IMU,63625,220,950,309,-6,-3,-2
IMU,63645,216,952,306,-6,-3,-2
IMU,63665,215,953,302,-6,-3,-2
IMU,63685,207,948,300,-6,-3,-2
IMU,63705,206,950,299,-6,-4,-1
IMU,63725,203,947,296,-6,-4,-1
IMU,63745,209,951,302,-6,-4,-1
IMU,63765,204,956,303,-6,-4,0
IMU,63785,209,958,305,-6,-4,0
IMU,63805,203,957,307,-6,-4,0
IMU,63825,205,956,308,-6,-4,0
IMU,63845,198,952,309,-6,-4,1
IMU,63865,197,950,308,-6,-5,2
IMU,63885,194,945,307,-6,-5,2
IMU,63905,195,943,311,-6,-5,3
IMU,63925,200,945,312,-6,-5,4
IMU,63945,206,946,315,-6,-5,4
IMU,63965,214,952,317,-6,-5,5
IMU,63985,218,952,316,-6,-5,5
IMU,64005,222,952,316,-6,-5,5
IMU,64025,215,951,316,-6,-5,5
IMU,64045,216,949,316,-6,-5,5
IMU,64065,212,943,311,-6,-5,5
IMU,64085,219,941,310,-6,-5,5
IMU,64105,225,941,310,-6,-5,5
IMU,64125,231,947,311,-6,-5,5
IMU,64145,236,951,308,-6,-5,5
IMU,64165,239,953,306,-6,-5,4
IMU,64185,242,956,301,-6,-5,4
IMU,64205,240,955,298,-6,-5,4
IMU,64225,238,954,301,-6,-5,3
IMU,64245,231,950,301,-6,-5,3
IMU,64265,234,945,304,-6,-5,2
IMU,64285,232,942,303,-6,-5,2
IMU,64305,241,944,305,-6,-5,2
IMU,64325,242,946,307,-6,-5,2
IMU,64345,241,945,311,-6,-4,1
IMU,64365,239,945,311,-6,-4,1
IMU,64385,235,947,313,-6,-4,1
IMU,64405,234,946,314,-6,-4,0
IMU,64425,231,942,311,-6,-4,0
IMU,64445,237,942,312,-6,-4,0
IMU,64465,236,942,310,-6,-4,0
IMU,64485,239,946,314,-6,-4,0
IMU,64505,233,949,313,-6,-4,0
IMU,64525,236,947,314,-6,-4,0
IMU,64545,231,946,311,-6,-4,0
IMU,64565,234,948,309,-6,-4,0
IMU,64585,228,948,311,-6,-4,0
IMU,64605,227,950,311,-6,-4,0
IMU,64625,228,949,310,-6,-4,0
IMU,64645,232,945,311,-6,-4,0
IMU,64665,232,943,310,-6,-4,0
IMU,64685,231,941,308,-6,-4,0
IMU,64705,229,947,308,-6,-4,0
IMU,64725,226,948,304,-6,-4,0
IMU,64745,226,952,303,-6,-4,0
IMU,64765,225,952,302,-6,-4,0
IMU,64785,230,953,299,-6,-4,0
IMU,64805,233,952,298,-6,-4,0
IMU,64825,232,948,299,-6,-4,0
IMU,64845,232,948,299,-6,-4,0
IMU,64865,228,946,306,-6,-4,0
IMU,64885,228,947,309,-6,-4,0
IMU,64905,224,945,309,-6,-4,-1
IMU,64925,227,946,311,-6,-4,-1
IMU,64945,224,946,316,-6,-4,0
IMU,64965,226,950,315,-6,-4,0
IMU,64985,224,950,319,-6,-4,0
IMU,65005,227,949,318,-6,-4,-1
IMU,65025,227,946,314,-6,-4,-1
IMU,65045,229,943,314,-6,-4,-1
IMU,65065,229,942,309,-6,-4,-1
IMU,65085,228,946,304,-6,-4,-1
IMU,65105,220,951,300,-6,-4,-1
IMU,65125,219,956,299,-6,-4,-1
IMU,65145,216,958,301,-6,-4,-1
IMU,65165,216,959,303,-6,-4,-1
IMU,65185,218,954,303,-6,-4,-1
IMU,65205,223,948,302,-6,-4,0
IMU,65225,220,947,298,-6,-4,0
IMU,65245,218,949,303,-6,-4,0
IMU,65265,212,951,302,-6,-4,0
IMU,65285,212,950,305,-6,-4,0
IMU,65305,209,955,305,-6,-4,0
IMU,65325,205,957,311,-6,-4,1
IMU,65345,202,961,317,-6,-5,3
IMU,65365,198,958,319,-6,-5,3
IMU,65385,212,942,322,-6,-5,3
IMU,65405,212,930,321,-6,-5,3
IMU,65425,218,926,324,-6,-5,3
IMU,65445,212,926,320,-6,-5,4
IMU,65465,225,936,322,-6,-5,4
IMU,65485,220,950,320,-6,-5,4
IMU,65505,224,963,319,-6,-5,4
IMU,65525,224,967,319,-6,-5,4
IMU,65545,246,965,314,-6,-5,4
IMU,65565,250,948,307,-6,-5,3
IMU,65585,246,937,299,-6,-5,3
IMU,65605,243,934,295,-6,-5,3
IMU,65625,235,938,292,-6,-5,3
IMU,65645,237,949,289,-6,-4,2
IMU,65665,236,947,288,-6,-4,1
IMU,65685,234,952,294,-6,-4,1
IMU,65705,237,955,293,-6,-4,1
IMU,65725,247,963,298,-6,-4,1
IMU,65745,254,960,299,-6,-4,0
IMU,65765,241,950,300,-6,-4,0
IMU,65785,242,944,304,-6,-4,0
IMU,65805,234,939,310,-6,-4,0
IMU,65825,241,940,311,-6,-4,0
IMU,65845,223,938,313,-6,-4,-1
IMU,65865,223,938,317,-6,-4,-1
IMU,65885,213,938,317,-6,-4,0
IMU,65905,228,948,326,-6,-4,0
IMU,65925,237,965,331,-6,-4,-1
IMU,65945,243,957,330,-6,-4,-2
IMU,65965,238,948,323,-6,-4,-1
IMU,65985,237,944,321,-6,-4,-1
IMU,66005,226,940,316,-6,-4,-1
IMU,66025,222,944,314,-6,-4,-1
IMU,66045,208,933,302,-6,-4,-2
IMU,66065,206,931,300,-6,-4,-1
IMU,66085,216,939,299,-6,-4,0
IMU,66105,223,964,305,-6,-4,0
IMU,66125,227,973,306,-6,-4,0
IMU,66145,229,965,300,-6,-4,0
IMU,66165,229,961,298,-6,-4,0
IMU,66185,225,950,293,-6,-4,0
IMU,66205,218,946,294,-6,-4,0
IMU,66225,207,935,293,-6,-4,0
IMU,66245,200,937,296,-6,-4,1
IMU,66265,209,937,301,-6,-4,1
IMU,66285,226,931,306,-6,-4,1
IMU,66305,232,959,317,-6,-4,0
IMU,66325,220,973,324,-6,-4,1
IMU,66345,248,959,323,-6,-5,2
IMU,66365,236,953,318,-6,-5,2
IMU,66385,226,955,317,-6,-4,2
IMU,66405,218,942,314,-6,-4,1
IMU,66425,209,933,308,-6,-4,1
IMU,66445,213,922,305,-6,-4,1
IMU,66465,233,938,303,-6,-5,1
IMU,66485,215,945,308,-6,-5,1
IMU,66505,232,957,314,-6,-5,2
IMU,66525,243,970,316,-6,-5,2
IMU,66545,245,962,315,-6,-4,1
IMU,66565,246,939,309,-6,-4,0
IMU,66585,227,928,305,-6,-4,1
IMU,66605,233,944,305,-6,-4,1
IMU,66625,234,949,299,-6,-4,0
IMU,66645,224,950,300,-6,-4,0
IMU,66665,223,956,304,-6,-4,0
IMU,66685,231,957,303,-6,-4,0
IMU,66705,237,956,307,-6,-4,0
IMU,66725,255,950,308,-6,-4,0
IMU,66745,231,939,306,-6,-4,-1
IMU,66765,224,938,308,-6,-4,0
IMU,66785,229,944,306,-6,-4,0
IMU,66805,226,956,313,-6,-4,-1
IMU,66825,220,954,312,-6,-4,-2
IMU,66845,217,943,311,-6,-4,-1
IMU,66865,214,943,313,-6,-4,0
IMU,66885,234,950,313,-6,-4,0
IMU,66905,231,952,316,-6,-4,-1
IMU,66925,221,950,313,-6,-4,-1
IMU,66945,225,946,309,-6,-4,-1
IMU,66965,220,945,303,-6,-4,0
IMU,66985,225,950,304,-6,-4,0
IMU,67005,219,949,304,-6,-4,0
IMU,67025,211,949,308,-6,-4,0
IMU,67045,218,945,308,-6,-4,0
IMU,67065,219,948,303,-6,-4,0
IMU,67085,219,950,311,-6,-4,0
IMU,67105,223,949,310,-6,-4,0
IMU,67125,223,952,313,-6,-4,0
IMU,67145,222,945,311,-6,-4,0
IMU,67165,225,951,308,-6,-4,0
IMU,67185,209,952,306,-6,-4,0
IMU,67205,213,953,305,-6,-4,0
IMU,67225,211,949,304,-6,-4,0
IMU,67245,208,944,302,-6,-4,0
IMU,67265,216,947,306,-6,-4,0
IMU,67285,216,948,304,-6,-4,0
IMU,67305,218,956,308,-6,-4,0
IMU,67325,222,955,311,-6,-4,0
IMU,67345,219,958,314,-6,-4,0
IMU,67365,221,953,312,-6,-4,1
IMU,67385,221,950,307,-6,-4,1
IMU,67405,211,944,310,-6,-4,1
IMU,67425,216,940,309,-6,-4,1
IMU,67445,214,941,310,-6,-4,1
IMU,67465,219,945,307,-6,-4,1
IMU,67485,221,948,312,-6,-4,0
IMU,67505,222,956,310,-6,-4,1
IMU,67525,222,959,312,-6,-4,1
IMU,67545,225,957,312,-6,-4,1
IMU,67565,218,951,307,-6,-4,1
IMU,67585,213,946,304,-6,-4,1
IMU,67605,214,939,304,-6,-4,1
IMU,67625,215,944,304,-6,-4,1
IMU,67645,220,941,304,-6,-4,1
IMU,67665,223,944,304,-6,-4,1
IMU,67685,230,954,308,-6,-4,1
IMU,67705,231,956,307,-6,-4,1
IMU,67725,228,960,309,-6,-4,1
IMU,67745,226,952,308,-6,-4,1
IMU,67765,223,949,305,-6,-4,1
IMU,67785,222,945,306,-6,-4,1
IMU,67805,226,944,305,-6,-4,1
IMU,67825,225,943,307,-6,-4,0
IMU,67845,225,946,308,-6,-4,0
IMU,67865,228,949,312,-6,-4,0
IMU,67885,223,951,311,-6,-4,0
IMU,67905,228,950,312,-6,-4,0
IMU,67925,224,947,311,-6,-4,0
IMU,67945,220,946,314,-6,-4,0
IMU,67965,220,951,313,-6,-4,0
IMU,67985,220,956,310,-6,-4,0
IMU,68005,223,951,312,-6,-4,0
IMU,68025,225,943,308,-6,-4,0
IMU,68045,223,942,305,-6,-4,0
IMU,68065,224,951,304,-6,-4,0
IMU,68085,222,948,307,-6,-4,0
IMU,68105,220,947,306,-6,-4,0
IMU,68125,223,956,309,-6,-4,0
IMU,68145,222,953,310,-6,-4,0
IMU,68165,223,953,312,-6,-4,0
IMU,68185,227,951,313,-6,-4,0
IMU,68205,227,951,312,-6,-4,0
IMU,68225,225,947,311,-6,-4,0
IMU,68245,221,943,306,-6,-4,0
IMU,68265,222,944,310,-6,-4,0
IMU,68285,218,941,309,-6,-4,0
IMU,68305,220,945,308,-6,-4,0
IMU,68325,219,951,311,-6,-4,0
IMU,68345,222,960,312,-6,-4,0
IMU,68365,224,960,311,-6,-4,0
IMU,68385,226,956,307,-6,-4,0
IMU,68405,220,950,306,-6,-4,0
IMU,68425,216,945,306,-6,-4,0
IMU,68445,213,941,302,-6,-4,0
IMU,68465,213,943,302,-6,-4,0
IMU,68485,208,947,300,-6,-4,0
IMU,68505,211,950,304,-6,-4,0
IMU,68525,215,954,306,-6,-4,0
IMU,68545,219,958,310,-6,-4,0
IMU,68565,221,959,310,-6,-4,0
IMU,68585,220,956,309,-6,-4,0
IMU,68605,217,949,309,-6,-4,1
IMU,68625,218,945,307,-6,-4,1
IMU,68645,215,942,306,-6,-4,1
IMU,68665,215,941,308,-6,-4,1
IMU,68685,216,946,306,-6,-4,1
IMU,68705,219,951,311,-6,-4,1
IMU,68725,224,956,312,-6,-4,1
IMU,68745,228,954,313,-6,-4,0
IMU,68765,226,955,311,-6,-4,0
IMU,68785,227,952,314,-6,-4,0
IMU,68805,225,950,312,-6,-4,0
IMU,68825,220,947,311,-6,-4,0
IMU,68845,215,943,308,-6,-4,0
IMU,68865,213,945,307,-6,-4,0
IMU,68885,213,947,309,-6,-4,0
IMU,68905,214,947,309,-6,-4,0
IMU,68925,220,953,307,-6,-4,0
IMU,68945,224,957,306,-6,-4,0
IMU,68965,224,956,308,-6,-4,0
IMU,68985,224,951,309,-6,-4,0
IMU,69005,222,949,308,-6,-4,0
IMU,69025,218,946,301,-6,-4,0
IMU,69045,218,949,304,-6,-4,0
IMU,69065,215,948,305,-6,-4,0
IMU,69085,213,950,304,-6,-4,0
IMU,69105,217,951,304,-6,-4,0
IMU,69125,219,953,306,-6,-4,0
IMU,69145,217,953,307,-6,-4,0
IMU,69165,218,950,309,-6,-4,0
IMU,69185,217,948,310,-6,-4,1
IMU,69205,216,948,310,-6,-4,1
IMU,69225,214,947,311,-6,-4,1
IMU,69245,211,951,310,-6,-4,1
IMU,69265,211,949,310,-6,-4,1
IMU,69285,215,950,304,-6,-5,2
IMU,69305,219,949,305,-6,-5,1
IMU,69325,230,948,306,-6,-4,1
IMU,69345,234,948,306,-6,-4,1
IMU,69365,234,952,309,-6,-4,1
IMU,69385,236,948,310,-6,-4,0
IMU,69405,234,950,313,-6,-4,0
IMU,69425,228,953,314,-6,-4,0
IMU,69445,227,949,310,-6,-4,-1
IMU,69465,222,948,311,-6,-4,-1
IMU,69485,222,943,311,-6,-4,-1
IMU,69505,219,946,306,-6,-4,-1
IMU,69525,217,948,310,-6,-4,-1
IMU,69545,218,950,310,-6,-3,-2
IMU,69565,223,952,311,-6,-3,-2
IMU,69585,223,952,309,-6,-3,-2
IMU,69605,218,952,309,-6,-3,-2
IMU,69625,213,954,308,-6,-3,-1
IMU,69645,207,950,308,-6,-4,-1
IMU,69665,205,951,301,-6,-4,-1
IMU,69685,203,948,301,-6,-4,-1
IMU,69705,208,948,307,-6,-4,-1
IMU,69725,210,951,303,-6,-4,0
IMU,69745,207,954,307,-6,-4,0
IMU,69765,211,954,307,-6,-4,0
IMU,69785,211,956,310,-6,-4,0
IMU,69805,207,955,305,-6,-4,0
IMU,69825,206,950,308,-6,-4,0
IMU,69845,205,950,308,-6,-4,0
IMU,69865,205,950,309,-6,-4,0
IMU,69885,207,952,310,-6,-4,0
IMU,69905,209,950,307,-6,-4,0
IMU,69925,212,950,309,-6,-4,1
IMU,69945,215,950,310,-6,-4,1
IMU,69965,217,951,310,-6,-4,1
IMU,69985,215,948,309,-6,-4,0
IMU,70005,215,948,311,-6,-4,0
IMU,70025,218,948,311,-6,-4,0
IMU,70045,228,950,314,-6,-4,0
IMU,70065,213,954,313,-6,-4,0
IMU,70085,200,958,309,-6,-4,0
IMU,70105,200,954,306,-6,-4,0
IMU,70125,207,950,307,-6,-4,0
IMU,70145,225,944,308,-6,-4,0
IMU,70165,237,945,310,-6,-4,0
IMU,70185,232,948,312,-6,-4,0
IMU,70205,219,948,312,-6,-4,-1
IMU,70225,203,955,305,-6,-4,-1
IMU,70245,191,959,301,-6,-4,-1
IMU,70265,191,957,303,-6,-4,0
IMU,70285,197,954,300,-6,-4,0
IMU,70305,204,947,299,-6,-4,0
IMU,70325,218,948,301,-6,-4,0
IMU,70345,225,950,305,-6,-4,0
IMU,70365,226,948,308,-6,-4,0
IMU,70385,214,951,304,-6,-4,0
IMU,70405,198,956,305,-6,-4,0
IMU,70425,189,957,308,-6,-4,1
IMU,70445,190,959,308,-6,-4,1
IMU,70465,191,950,309,-6,-5,1
IMU,70485,202,945,310,-6,-5,2
IMU,70505,214,943,314,-6,-5,2
IMU,70525,227,941,316,-6,-5,2
IMU,70545,228,946,315,-6,-4,1
IMU,70565,219,950,316,-6,-4,1
IMU,70585,212,956,313,-6,-4,1
IMU,70605,205,956,310,-6,-4,1
IMU,70625,200,958,311,-6,-4,1
IMU,70645,202,953,307,-6,-4,1
IMU,70665,206,948,306,-6,-5,1
IMU,70685,216,940,305,-6,-4,1
IMU,70705,225,942,306,-6,-4,1
IMU,70725,230,947,309,-6,-4,1
IMU,70745,223,953,308,-6,-4,0
IMU,70765,216,958,307,-6,-4,0
IMU,70785,208,961,305,-6,-4,1
IMU,70805,203,960,307,-6,-4,1
IMU,70825,204,954,305,-6,-4,1
IMU,70845,206,947,302,-6,-5,1
IMU,70865,214,945,300,-6,-4,1
IMU,70885,221,944,305,-6,-4,1
IMU,70905,226,945,306,-6,-4,1
IMU,70925,223,951,306,-6,-4,1
IMU,70945,218,954,311,-6,-4,1
IMU,70965,212,954,315,-6,-4,1
IMU,70985,208,956,311,-6,-4,1
IMU,71005,203,955,311,-6,-4,1
IMU,71025,204,949,311,-6,-4,1
IMU,71045,212,946,309,-6,-4,1
IMU,71065,218,943,311,-6,-5,2
IMU,71085,225,944,310,-6,-4,1
IMU,71105,225,944,308,-6,-4,1
IMU,71125,221,949,311,-6,-4,1
IMU,71145,218,954,311,-6,-4,1
IMU,71165,214,959,314,-6,-4,1
IMU,71185,213,957,307,-6,-4,1
IMU,71205,212,953,306,-6,-4,1
IMU,71225,215,949,305,-6,-4,1
IMU,71245,223,945,305,-6,-4,1
IMU,71265,225,943,305,-6,-4,1
IMU,71285,226,944,304,-6,-4,1
IMU,71305,224,950,305,-6,-4,0
IMU,71325,220,953,306,-6,-4,0
IMU,71345,216,956,308,-6,-4,0
IMU,71365,215,956,304,-6,-4,0
IMU,71385,215,954,305,-6,-4,0
IMU,71405,214,949,304,-6,-4,0
IMU,71425,220,946,305,-6,-4,0
IMU,71445,223,944,308,-6,-4,0
IMU,71465,222,947,309,-6,-4,0
IMU,71485,221,949,308,-6,-4,0
IMU,71505,218,948,310,-6,-4,0
IMU,71525,214,955,312,-6,-4,0
IMU,71545,212,952,309,-6,-4,0
IMU,71565,210,952,308,-6,-4,0
IMU,71585,214,950,308,-6,-4,0
IMU,71605,218,948,308,-6,-4,0
IMU,71625,220,948,309,-6,-4,0
IMU,71645,223,948,308,-6,-4,0
IMU,71665,221,947,307,-6,-4,0
IMU,71685,221,953,307,-6,-4,0
IMU,71705,217,952,307,-6,-4,0
IMU,71725,218,950,305,-6,-4,0
IMU,71745,220,955,307,-6,-4,0
IMU,71765,211,952,307,-6,-4,0
IMU,71785,213,955,307,-6,-4,0
IMU,71805,220,947,305,-6,-4,0
IMU,71825,218,947,303,-6,-4,0
IMU,71845,216,945,304,-6,-4,0
IMU,71865,212,948,308,-6,-4,1
IMU,71885,212,953,308,-6,-4,1
IMU,71905,214,951,307,-6,-4,1
IMU,71925,212,953,309,-6,-4,1
IMU,71945,213,953,309,-6,-4,1
IMU,71965,222,950,310,-6,-4,1
IMU,71985,226,950,307,-6,-4,1
IMU,72005,225,943,307,-6,-4,1
IMU,72025,220,944,309,-6,-4,1
IMU,72045,212,946,308,-6,-4,1
IMU,72065,222,948,313,-6,-4,1
IMU,72085,218,950,309,-6,-4,1
IMU,72105,219,948,306,-6,-4,1
IMU,72125,222,950,310,-6,-4,1
IMU,72145,227,953,312,-6,-4,1
IMU,72165,228,956,311,-6,-4,0
IMU,72185,227,952,307,-6,-4,0
IMU,72205,223,945,307,-6,-4,0
IMU,72225,219,942,305,-6,-4,0
IMU,72245,221,947,305,-6,-4,0
IMU,72265,218,949,311,-6,-4,0
IMU,72285,218,954,308,-6,-4,0
IMU,72305,217,953,310,-6,-4,0
IMU,72325,221,952,307,-6,-4,0
IMU,72345,224,954,309,-6,-4,0
IMU,72365,223,949,312,-6,-4,0
IMU,72385,220,947,308,-6,-4,0
IMU,72405,214,943,307,-6,-4,0
IMU,72425,210,946,307,-6,-4,0
IMU,72445,211,954,310,-6,-4,0
IMU,72465,214,954,310,-6,-4,0
IMU,72485,216,953,311,-6,-4,0
IMU,72505,220,952,310,-6,-4,0
IMU,72525,217,953,310,-6,-4,0
IMU,72545,218,952,307,-6,-4,0
IMU,72565,218,949,306,-6,-4,0
IMU,72585,217,946,305,-6,-4,0
IMU,72605,216,943,303,-6,-4,0
IMU,72625,217,948,304,-6,-4,0
IMU,72645,217,951,306,-6,-4,0
IMU,72665,218,953,309,-6,-4,0
IMU,72685,216,953,310,-6,-4,0
IMU,72705,217,950,312,-6,-4,0
IMU,72725,222,947,312,-6,-4,0
IMU,72745,225,944,311,-6,-4,0
IMU,72765,223,946,315,-6,-4,0
IMU,72785,221,947,313,-6,-4,0
IMU,72805,223,950,313,-6,-4,0
IMU,72825,219,954,313,-6,-4,0
IMU,72845,220,953,310,-6,-4,0
IMU,72865,216,952,307,-6,-4,0
IMU,72885,215,950,307,-6,-4,0
IMU,72905,219,945,308,-6,-4,0
IMU,72925,217,946,307,-6,-4,0
IMU,72945,218,949,306,-6,-4,0
IMU,72965,220,950,308,-6,-4,0
IMU,72985,224,952,305,-6,-4,-1
IMU,73005,223,953,303,-6,-4,-1
IMU,73025,217,954,302,-6,-4,-1
IMU,73045,214,954,304,-6,-4,-1
IMU,73065,212,955,300,-6,-4,-1
IMU,73085,209,950,300,-6,-4,-1
IMU,73105,210,951,299,-6,-4,-1
IMU,73125,213,949,301,-6,-4,-1
IMU,73145,211,951,305,-6,-4,0
IMU,73165,212,953,307,-6,-4,0
IMU,73185,211,954,310,-6,-4,0
IMU,73205,209,951,313,-6,-4,0
IMU,73225,208,946,315,-6,-4,0
IMU,73245,204,948,322,-6,-4,0
IMU,73265,201,948,320,-6,-4,0
IMU,73285,197,944,321,-6,-4,0
IMU,73305,197,947,318,-6,-4,0
IMU,73325,200,948,316,-6,-4,0
IMU,73345,201,953,311,-6,-4,1
IMU,73365,205,952,309,-6,-4,1
IMU,73385,210,952,304,-6,-4,1
IMU,73405,212,953,300,-6,-4,1
IMU,73425,215,954,294,-6,-4,1
IMU,73445,216,956,291,-6,-4,1
IMU,73465,217,957,290,-6,-4,1
IMU,73485,214,956,291,-6,-4,1
IMU,73505,214,955,291,-6,-4,1
IMU,73525,213,952,293,-6,-4,1
IMU,73545,211,951,301,-6,-4,1
IMU,73565,210,951,305,-6,-4,1
IMU,73585,211,951,312,-6,-4,1
IMU,73605,210,949,315,-6,-4,1
IMU,73625,208,950,314,-6,-4,1
IMU,73645,209,949,317,-6,-5,2
IMU,73665,209,948,318,-6,-4,2
IMU,73685,207,946,319,-6,-5,2
IMU,73705,206,946,317,-6,-5,2
IMU,73725,210,948,317,-6,-5,2
IMU,73745,215,949,315,-6,-5,2
IMU,73765,223,955,312,-6,-5,2
IMU,73785,223,952,311,-6,-5,2
IMU,73805,223,949,307,-6,-5,2
IMU,73825,225,950,302,-6,-5,1
IMU,73845,222,950,306,-6,-4,1
IMU,73865,222,953,306,-6,-4,1
IMU,73885,221,950,305,-6,-4,0
IMU,73905,223,953,303,-6,-4,0
IMU,73925,223,951,303,-6,-4,0
IMU,73945,225,951,304,-6,-4,0
IMU,73965,222,952,306,-6,-4,0
IMU,73985,219,950,309,-6,-4,0
IMU,74005,214,947,310,-6,-4,0
IMU,74025,213,945,305,-6,-4,0
IMU,74045,212,953,313,-6,-4,0
IMU,74065,214,948,316,-6,-4,0
IMU,74085,218,947,318,-6,-4,0
IMU,74105,222,948,317,-6,-4,0
IMU,74125,223,945,315,-6,-4,0
IMU,74145,225,951,315,-6,-4,0
IMU,74165,217,945,310,-6,-4,0
IMU,74185,213,947,311,-6,-4,0
IMU,74205,212,947,307,-6,-4,0
IMU,74225,211,949,302,-6,-4,-1
IMU,74245,208,953,302,-6,-4,-1
IMU,74265,211,950,304,-6,-4,-1
IMU,74285,221,945,295,-6,-4,-1
IMU,74305,227,954,299,-6,-4,-1
IMU,74325,214,954,305,-6,-4,-1
IMU,74345,207,955,299,-6,-4,-1
IMU,74365,213,948,298,-6,-4,-1
IMU,74385,201,948,293,-6,-4,-1
IMU,74405,196,954,301,-6,-4,0
IMU,74425,209,950,300,-6,-4,0
IMU,74445,212,955,305,-6,-4,0
IMU,74465,212,953,310,-6,-4,0
IMU,74485,207,949,309,-6,-4,0
IMU,74505,209,956,311,-6,-4,0
IMU,74525,210,951,317,-6,-4,0
IMU,74545,202,951,316,-6,-4,0
IMU,74565,202,944,316,-6,-4,0
IMU,74585,208,942,314,-6,-4,0
IMU,74605,208,948,313,-6,-4,0
IMU,74625,207,944,314,-6,-4,0
IMU,74645,204,957,316,-6,-4,0
IMU,74665,209,953,314,-6,-4,0
IMU,74685,215,952,308,-6,-4,0
IMU,74705,212,954,311,-6,-4,0
IMU,74725,202,950,296,-6,-4,0
IMU,74745,207,958,305,-6,-4,0
IMU,74765,212,951,296,-6,-4,0
IMU,74785,210,947,299,-6,-4,0
IMU,74805,210,959,301,-6,-4,0
IMU,74825,210,955,302,-6,-4,0
IMU,74845,212,960,303,-6,-4,0
IMU,74865,208,955,304,-6,-4,-1
IMU,74885,203,948,305,-6,-4,-1
IMU,74905,206,953,309,-6,-4,-1
IMU,74925,205,949,307,-6,-4,0
IMU,74945,203,958,311,-6,-4,-1
IMU,74965,196,954,311,-6,-4,-1
IMU,74985,195,951,312,-6,-4,0
IMU,75005,200,953,316,-6,-4,0
IMU,75025,200,950,315,-6,-4,0
IMU,75045,198,948,312,-6,-4,0
IMU,75065,198,949,315,-6,-4,0
IMU,75085,203,952,315,-6,-4,0
IMU,75105,203,955,312,-6,-4,0
IMU,75125,203,954,314,-6,-4,0
IMU,75145,196,955,309,-6,-4,0
IMU,75165,197,956,307,-6,-4,0
IMU,75185,199,950,305,-6,-4,0
IMU,75205,200,950,303,-6,-4,0
IMU,75225,198,948,302,-6,-4,0
IMU,75245,203,952,303,-6,-4,1
IMU,75265,212,956,303,-6,-4,0
IMU,75285,213,956,302,-6,-4,0
IMU,75305,207,964,306,-6,-4,0
IMU,75325,198,957,303,-6,-4,0
IMU,75345,204,954,307,-6,-4,0
IMU,75365,203,949,306,-6,-4,0
IMU,75385,198,944,308,-6,-4,0
IMU,75405,195,946,308,-6,-4,0
IMU,75425,202,949,312,-6,-4,1
IMU,75445,203,956,313,-6,-4,0
IMU,75465,205,957,314,-6,-4,0
IMU,75485,203,955,315,-6,-4,0
IMU,75505,204,953,313,-6,-4,1
IMU,75525,206,952,312,-6,-4,1
IMU,75545,200,947,309,-6,-4,0
IMU,75565,192,947,308,-6,-4,0
IMU,75585,196,949,306,-6,-4,1
IMU,75605,201,954,305,-6,-4,1
IMU,75625,206,956,309,-6,-4,1
IMU,75645,205,955,303,-6,-4,1
IMU,75665,203,956,305,-6,-4,1
IMU,75685,212,953,303,-6,-4,1
IMU,75705,215,954,303,-6,-4,1
IMU,75725,211,954,304,-6,-4,0
IMU,75745,203,953,305,-6,-4,0
IMU,75765,203,951,305,-6,-4,0
IMU,75785,202,952,302,-6,-4,0
IMU,75805,201,952,302,-6,-4,0
IMU,75825,200,952,305,-6,-4,0
IMU,75845,201,948,310,-6,-4,0
IMU,75865,208,950,309,-6,-4,0
IMU,75885,206,949,310,-6,-4,0
IMU,75905,207,953,312,-6,-4,0
IMU,75925,198,957,311,-6,-4,0
IMU,75945,194,957,317,-6,-4,0
IMU,75965,206,952,314,-6,-4,0
IMU,75985,211,947,312,-6,-4,0
IMU,76005,204,952,310,-6,-4,0
IMU,76025,198,950,312,-6,-4,1
IMU,76045,202,950,308,-6,-4,0
IMU,76065,203,949,303,-6,-4,0
IMU,76085,202,952,309,-6,-4,0
IMU,76105,205,957,307,-6,-4,0
